{
  "purpose": "tiny plumbing and falsification sanity check; not a benchmark",
  "seed": 7,
  "num_cases": 3,
  "vocab_size": 45,
  "num_ast_types": 24,
  "variants": [
    {
      "variant": "token_baseline",
      "losses": [
        4.140538692474365,
        3.923464775085449,
        3.9873313903808594,
        4.023687839508057,
        3.8324599266052246,
        3.917849063873291,
        3.938594102859497,
        3.748770236968994,
        3.8456428050994873,
        3.859342098236084,
        3.667365550994873,
        3.7727115154266357
      ],
      "final_loss": 3.7727115154266357,
      "loss_delta": -0.3678271770477295,
      "parameter_count": 4576,
      "trainable_parameter_count": 4576,
      "config": {
        "vocab_size": 45,
        "num_layers": 1,
        "hidden_size": 16,
        "block_size": 8,
        "max_tokens": 64,
        "num_heads": 4,
        "num_graph_heads": 4,
        "num_experts": 1,
        "moe_top_k": 1,
        "ffn_multiplier": 1.5,
        "kv_compression": 0.5,
        "num_ast_types": 24,
        "ast_dim": 8,
        "ast_gate_scale": 0.1,
        "boundary_mix": 0.1,
        "boundary_width": 1,
        "cvd_prob": 0.0,
        "cvd_scope": "variable",
        "dropout": 0.0,
        "tie_embeddings": false,
        "use_ast_gate": false,
        "use_block_graph": false,
        "use_cvd": false,
        "use_moe": false,
        "use_boundary": false
      }
    },
    {
      "variant": "boundary_only",
      "losses": [
        4.00919246673584,
        3.9360461235046387,
        4.006240367889404,
        3.8942062854766846,
        3.8436245918273926,
        3.937894344329834,
        3.8124544620513916,
        3.7577266693115234,
        3.866652250289917,
        3.737170696258545,
        3.6734907627105713,
        3.7944087982177734
      ],
      "final_loss": 3.7944087982177734,
      "loss_delta": -0.2147836685180664,
      "parameter_count": 4832,
      "trainable_parameter_count": 4832,
      "config": {
        "vocab_size": 45,
        "num_layers": 1,
        "hidden_size": 16,
        "block_size": 8,
        "max_tokens": 64,
        "num_heads": 4,
        "num_graph_heads": 4,
        "num_experts": 1,
        "moe_top_k": 1,
        "ffn_multiplier": 1.5,
        "kv_compression": 0.5,
        "num_ast_types": 24,
        "ast_dim": 8,
        "ast_gate_scale": 0.1,
        "boundary_mix": 0.1,
        "boundary_width": 1,
        "cvd_prob": 0.0,
        "cvd_scope": "variable",
        "dropout": 0.0,
        "tie_embeddings": false,
        "use_ast_gate": false,
        "use_block_graph": false,
        "use_cvd": false,
        "use_moe": false,
        "use_boundary": true
      }
    },
    {
      "variant": "ast_only",
      "losses": [
        4.0964179039001465,
        3.881545305252075,
        3.9405665397644043,
        3.9827802181243896,
        3.790884017944336,
        3.867816209793091,
        3.901277542114258,
        3.7077059745788574,
        3.79347825050354,
        3.825268030166626,
        3.627016305923462,
        3.719421863555908
      ],
      "final_loss": 3.719421863555908,
      "loss_delta": -0.3769960403442383,
      "parameter_count": 4896,
      "trainable_parameter_count": 4896,
      "config": {
        "vocab_size": 45,
        "num_layers": 1,
        "hidden_size": 16,
        "block_size": 8,
        "max_tokens": 64,
        "num_heads": 4,
        "num_graph_heads": 4,
        "num_experts": 1,
        "moe_top_k": 1,
        "ffn_multiplier": 1.5,
        "kv_compression": 0.5,
        "num_ast_types": 24,
        "ast_dim": 8,
        "ast_gate_scale": 0.1,
        "boundary_mix": 0.1,
        "boundary_width": 1,
        "cvd_prob": 0.0,
        "cvd_scope": "variable",
        "dropout": 0.0,
        "tie_embeddings": false,
        "use_ast_gate": true,
        "use_block_graph": false,
        "use_cvd": false,
        "use_moe": false,
        "use_boundary": false
      }
    },
    {
      "variant": "graph_only",
      "losses": [
        4.034191131591797,
        3.9257473945617676,
        3.9536452293395996,
        3.915327548980713,
        3.833566427230835,
        3.8842639923095703,
        3.831876277923584,
        3.747201919555664,
        3.811248540878296,
        3.7542638778686523,
        3.6619410514831543,
        3.736685037612915
      ],
      "final_loss": 3.736685037612915,
      "loss_delta": -0.29750609397888184,
      "parameter_count": 6384,
      "trainable_parameter_count": 6384,
      "config": {
        "vocab_size": 45,
        "num_layers": 1,
        "hidden_size": 16,
        "block_size": 8,
        "max_tokens": 64,
        "num_heads": 4,
        "num_graph_heads": 4,
        "num_experts": 1,
        "moe_top_k": 1,
        "ffn_multiplier": 1.5,
        "kv_compression": 0.5,
        "num_ast_types": 24,
        "ast_dim": 8,
        "ast_gate_scale": 0.1,
        "boundary_mix": 0.1,
        "boundary_width": 1,
        "cvd_prob": 0.0,
        "cvd_scope": "variable",
        "dropout": 0.0,
        "tie_embeddings": false,
        "use_ast_gate": false,
        "use_block_graph": true,
        "use_cvd": false,
        "use_moe": false,
        "use_boundary": false
      }
    },
    {
      "variant": "ast_graph",
      "losses": [
        3.795670747756958,
        3.9294962882995605,
        4.182792663574219,
        3.677971839904785,
        3.834691047668457,
        4.1052703857421875,
        3.5931921005249023,
        3.7460505962371826,
        4.025132656097412,
        3.51296067237854,
        3.658106565475464,
        3.944422483444214
      ],
      "final_loss": 3.944422483444214,
      "loss_delta": 0.14875173568725586,
      "parameter_count": 6960,
      "trainable_parameter_count": 6960,
      "config": {
        "vocab_size": 45,
        "num_layers": 1,
        "hidden_size": 16,
        "block_size": 8,
        "max_tokens": 64,
        "num_heads": 4,
        "num_graph_heads": 4,
        "num_experts": 1,
        "moe_top_k": 1,
        "ffn_multiplier": 1.5,
        "kv_compression": 0.5,
        "num_ast_types": 24,
        "ast_dim": 8,
        "ast_gate_scale": 0.1,
        "boundary_mix": 0.1,
        "boundary_width": 1,
        "cvd_prob": 0.0,
        "cvd_scope": "variable",
        "dropout": 0.0,
        "tie_embeddings": false,
        "use_ast_gate": true,
        "use_block_graph": true,
        "use_cvd": false,
        "use_moe": false,
        "use_boundary": true
      }
    },
    {
      "variant": "random_dropout_control",
      "losses": [
        3.7812352180480957,
        3.9302399158477783,
        3.863116979598999,
        3.6636574268341064,
        3.8359484672546387,
        3.7931041717529297,
        3.5796446800231934,
        3.7487845420837402,
        3.7188422679901123,
        3.5019876956939697,
        3.6630289554595947,
        3.6432158946990967
      ],
      "final_loss": 3.6432158946990967,
      "loss_delta": -0.13801932334899902,
      "parameter_count": 6976,
      "trainable_parameter_count": 6976,
      "config": {
        "vocab_size": 45,
        "num_layers": 1,
        "hidden_size": 16,
        "block_size": 8,
        "max_tokens": 64,
        "num_heads": 4,
        "num_graph_heads": 4,
        "num_experts": 1,
        "moe_top_k": 1,
        "ffn_multiplier": 1.5,
        "kv_compression": 0.5,
        "num_ast_types": 24,
        "ast_dim": 8,
        "ast_gate_scale": 0.1,
        "boundary_mix": 0.1,
        "boundary_width": 1,
        "cvd_prob": 0.2,
        "cvd_scope": "random",
        "dropout": 0.0,
        "tie_embeddings": false,
        "use_ast_gate": true,
        "use_block_graph": true,
        "use_cvd": true,
        "use_moe": false,
        "use_boundary": true
      }
    },
    {
      "variant": "variable_cvd",