{
  "purpose": "tiny plumbing and falsification sanity check; not a benchmark",
  "seed": 1,
  "num_cases": 3,
  "vocab_size": 45,
  "num_ast_types": 24,
  "prefix_feature_audit": {
    "cases": 3,
    "token_level_masks": 3,
    "max_input_length": 33,
    "max_ast_blocks": 5,
    "max_mask_width": 33,
    "all_prefix_aligned": 1.0,
    "violations": []
  },
  "variants": [
    {
      "variant": "random_dropout_control",
      "losses": [
        4.004396438598633,
        4.048840045928955,
        3.9051856994628906,
        3.883845090866089,
        3.954554557800293,
        3.8315184116363525,
        3.795877456665039,
        3.867065906524658,
        3.75480318069458,
        3.7129852771759033,
        3.7814676761627197,
        3.676520824432373
      ],
      "final_loss": 3.676520824432373,
      "loss_delta": -0.32787561416625977,
      "parameter_count": 6976,
      "trainable_parameter_count": 6976,
      "config": {
        "vocab_size": 45,
        "num_layers": 1,
        "hidden_size": 16,
        "block_size": 8,
        "max_tokens": 64,
        "num_heads": 4,
        "num_graph_heads": 4,
        "num_experts": 1,
        "moe_top_k": 1,
        "ffn_multiplier": 1.5,
        "kv_compression": 0.5,
        "num_ast_types": 24,
        "ast_dim": 8,
        "ast_gate_scale": 0.1,
        "boundary_mix": 0.1,
        "boundary_width": 1,
        "cvd_prob": 0.2,
        "cvd_scope": "random",
        "cvd_audit": false,
        "dropout": 0.0,
        "validate_input_ranges": true,
        "tie_embeddings": false,
        "use_ast_gate": true,
        "use_block_graph": true,
        "use_cvd": true,
        "use_moe": false,
        "use_boundary": true
      },
      "eval_metrics": {
        "eval_loss": 3.667240778605143,
        "definition_use_loss": 3.90063468615214,
        "cross_block_use_loss": 3.9422508080800376,
        "definition_use_targets": 11.0,
        "cross_block_use_targets": 8.0
      }
    },
    {
      "variant": "variable_cvd",
      "losses": [
        4.004396438598633,
        4.048840045928955,
        3.9051856994628906,
        3.883845090866089,
        3.954554557800293,
        3.8315184116363525,
        3.795877456665039,
        3.867065906524658,
        3.75480318069458,
        3.7129852771759033,
        3.7814676761627197,
        3.676520824432373
      ],
      "final_loss": 3.676520824432373,
      "loss_delta": -0.32787561416625977,
      "parameter_count": 6976,
      "trainable_parameter_count": 6976,
      "config": {
        "vocab_size": 45,
        "num_layers": 1,
        "hidden_size": 16,
        "block_size": 8,
        "max_tokens": 64,
        "num_heads": 4,
        "num_graph_heads": 4,
        "num_experts": 1,
        "moe_top_k": 1,
        "ffn_multiplier": 1.5,
        "kv_compression": 0.5,
        "num_ast_types": 24,
        "ast_dim": 8,
        "ast_gate_scale": 0.1,
        "boundary_mix": 0.1,
        "boundary_width": 1,
        "cvd_prob": 0.2,
        "cvd_scope": "variable",
        "cvd_audit": false,
        "dropout": 0.0,
        "validate_input_ranges": true,
        "tie_embeddings": false,
        "use_ast_gate": true,
        "use_block_graph": true,
        "use_cvd": true,
        "use_moe": false,
        "use_boundary": true
      },
      "eval_metrics": {
        "eval_loss": 3.667240778605143,
        "definition_use_loss": 3.90063468615214,
        "cross_block_use_loss": 3.9422508080800376,
        "definition_use_targets": 11.0,
        "cross_block_use_targets": 8.0
      }
    }
  ]
}