{
  "purpose": "tiny plumbing and falsification sanity check; not a benchmark",
  "seed": 5,
  "num_cases": 3,
  "vocab_size": 45,
  "num_ast_types": 24,
  "prefix_feature_audit": {
    "cases": 3,
    "token_level_masks": 3,
    "max_input_length": 33,
    "max_ast_blocks": 5,
    "max_mask_width": 33,
    "all_prefix_aligned": 1.0,
    "violations": []
  },
  "variants": [
    {
      "variant": "transformer_baseline",
      "losses": [
        4.15280818939209,
        3.735170364379883,
        3.846137285232544,
        4.036787033081055,
        3.635721445083618,
        3.772327184677124,
        3.9500186443328857,
        3.54349946975708,
        3.696161985397339,
        3.868455171585083,
        3.453706741333008,
        3.6192026138305664
      ],
      "final_loss": 3.6192026138305664,
      "loss_delta": -0.5336055755615234,
      "parameter_count": 4688,
      "trainable_parameter_count": 4688,
      "config": {
        "vocab_size": 45,
        "num_layers": 1,
        "hidden_size": 16,
        "max_tokens": 64,
        "num_heads": 4,
        "ffn_multiplier": 1.5,
        "dropout": 0.0,
        "validate_input_ranges": true,
        "tie_embeddings": false
      },
      "eval_metrics": {
        "eval_loss": 3.5905568599700928,
        "definition_use_loss": 3.844533999760946,
        "cross_block_use_loss": 3.831498146057129,
        "definition_use_targets": 11.0,
        "cross_block_use_targets": 8.0
      }
    },
    {
      "variant": "transformer_matched",
      "losses": [
        4.043698310852051,
        3.9688727855682373,
        3.9785733222961426,
        3.9091057777404785,
        3.8603010177612305,
        3.8925254344940186,
        3.8082149028778076,
        3.759047746658325,
        3.8030028343200684,
        3.711146354675293,
        3.6589515209198,
        3.7116963863372803
      ],
      "final_loss": 3.7116963863372803,
      "loss_delta": -0.3320019245147705,
      "parameter_count": 6992,
      "trainable_parameter_count": 6992,
      "config": {
        "vocab_size": 45,
        "num_layers": 1,
        "hidden_size": 16,
        "max_tokens": 64,
        "num_heads": 4,
        "ffn_multiplier": 4.5,
        "dropout": 0.0,
        "validate_input_ranges": true,
        "tie_embeddings": false
      },
      "eval_metrics": {
        "eval_loss": 3.626603364944458,
        "definition_use_loss": 4.0459974606831866,
        "cross_block_use_loss": 3.9578257401784263,
        "definition_use_targets": 11.0,
        "cross_block_use_targets": 8.0
      }
    },
    {
      "variant": "ast_graph",
      "losses": [
        3.877796173095703,
        3.9904680252075195,
        3.9261016845703125,
        3.76027512550354,
        3.892244338989258,
        3.849663734436035,
        3.6741018295288086,
        3.800408363342285,
        3.7696335315704346,
        3.592489242553711,
        3.7100725173950195,
        3.6877195835113525
      ],
      "final_loss": 3.6877195835113525,
      "loss_delta": -0.19007658958435059,
      "parameter_count": 6960,
      "trainable_parameter_count": 6960,
      "config": {
        "vocab_size": 45,
        "num_layers": 1,
        "hidden_size": 16,
        "block_size": 8,
        "max_tokens": 64,
        "num_heads": 4,
        "num_graph_heads": 4,
        "num_experts": 1,
        "moe_top_k": 1,
        "ffn_multiplier": 1.5,
        "kv_compression": 0.5,
        "num_ast_types": 24,
        "ast_dim": 8,
        "ast_gate_scale": 0.1,
        "boundary_mix": 0.1,
        "boundary_width": 1,
        "cvd_prob": 0.0,
        "cvd_scope": "variable",
        "cvd_audit": false,
        "dropout": 0.0,
        "validate_input_ranges": true,
        "tie_embeddings": false,
        "use_ast_gate": true,
        "use_block_graph": true,
        "use_cvd": false,
        "use_moe": false,
        "use_boundary": true
      },
      "eval_metrics": {
        "eval_loss": 3.605386177698771,
        "definition_use_loss": 3.4082159996032715,
        "cross_block_use_loss": 3.2892581621805825,
        "definition_use_targets": 11.0,
        "cross_block_use_targets": 8.0
      }
    },
    {
      "variant": "random_dropout_control",
      "losses": [
        4.040901184082031,
        3.8850812911987305,
        3.8754987716674805,
        3.919036388397217,
        3.7829110622406006,
        3.800321578979492,
        3.828963279724121,
        3.6878201961517334,
        3.7236573696136475,
        3.743288993835449,
        3.5939221382141113,
        3.6451873779296875
      ],
      "final_loss": 3.6451873779296875,
      "loss_delta": -0.39571380615234375,
      "parameter_count": 6976,
      "trainable_parameter_count": 6976,
      "config": {
        "vocab_size": 45,
        "num_layers": 1,
        "hidden_size": 16,
        "block_size": 8,
        "max_tokens": 64,
        "num_heads": 4,
        "num_graph_heads": 4,
        "num_experts": 1,
        "moe_top_k": 1,
        "ffn_multiplier": 1.5,
        "kv_compression": 0.5,
        "num_ast_types": 24,
        "ast_dim": 8,
        "ast_gate_scale": 0.1,
        "boundary_mix": 0.1,
        "boundary_width": 1,
        "cvd_prob": 0.2,
        "cvd_scope": "random",
        "cvd_audit": false,
        "dropout": 0.0,
        "validate_input_ranges": true,
        "tie_embeddings": false,
        "use_ast_gate": true,
        "use_block_graph": true,
        "use_cvd": true,
        "use_moe": false,
        "use_boundary": true
      },
      "eval_metrics": {
        "eval_loss": 3.6010262966156006,
        "definition_use_loss": 3.951166788736979,
        "cross_block_use_loss": 3.9563005765279136,
        "definition_use_targets": 11.0,
        "cross_block_use_targets": 8.0
      }
    },
    {
      "variant": "variable_cvd",
      "losses": [
        4.040901184082031,
        3.8850812911987305,
        3.8754987716674805,
        3.919036388397217,
        3.7829110622406006,
        3.800321578979492,
        3.828963279724121,
        3.6878201961517334,
        3.723663330078125,
        3.743297576904297,
        3.5939228534698486,
        3.6451833248138428
      ],
      "final_loss": 3.6451833248138428,
      "loss_delta": -0.3957178592681885,
      "parameter_count": 6976,
      "trainable_parameter_count": 6976,
      "config": {
        "vocab_size": 45,
        "num_layers": 1,
        "hidden_size": 16,
        "block_size": 8,
        "max_tokens": 64,
        "num_heads": 4,
        "num_graph_heads": 4,
        "num_experts": 1,
        "moe_top_k": 1,
        "ffn_multiplier": 1.5,
        "kv_compression": 0.5,
        "num_ast_types": 24,
        "ast_dim": 8,
        "ast_gate_scale": 0.1,
        "boundary_mix": 0.1,
        "boundary_width": 1,
        "cvd_prob": 0.2,
        "cvd_scope": "variable",
        "cvd_audit": false,
        "dropout": 0.0,
        "validate_input_ranges": true,
        "tie_embeddings": false,
        "use_ast_gate": true,
        "use_block_graph": true,
        "use_cvd": true,
        "use_moe": false,
        "use_boundary": true
      },
      "eval_metrics": {
        "eval_loss": 3.6010242303212485,
        "definition_use_loss": 3.951174338658651,
        "cross_block_use_loss": 3.9563023249308267,
        "definition_use_targets": 11.0,
        "cross_block_use_targets": 8.0
      }
    },
    {
      "variant": "full_moe",
      "losses": [
        4.0755615234375,
        4.014163017272949,
        4.112039089202881,
        3.948011875152588,
        3.910249710083008,
        4.028212070465088,
        3.8522536754608154,
        3.8157958984375,
        3.941452980041504,
        3.7621476650238037,
        3.721532106399536,
        3.8546221256256104
      ],
      "final_loss": 3.8546221256256104,
      "loss_delta": -0.22093939781188965,
      "parameter_count": 8160,
      "trainable_parameter_count": 8160,
      "config": {
        "vocab_size": 45,
        "num_layers": 1,
        "hidden_size": 16,