{
  "purpose": "tiny plumbing and falsification sanity check; not a benchmark",
  "seed": 4,
  "num_cases": 3,
  "vocab_size": 45,
  "num_ast_types": 24,
  "prefix_feature_audit": {
    "cases": 3,
    "token_level_masks": 3,
    "max_input_length": 33,
    "max_ast_blocks": 5,
    "max_mask_width": 33,
    "all_prefix_aligned": 1.0,
    "violations": []
  },
  "variants": [
    {
      "variant": "transformer_baseline",
      "losses": [
        3.974235773086548,
        4.027726173400879,
        4.012264251708984,
        3.865619659423828,
        3.940973997116089,
        3.9463486671447754,
        3.7868800163269043,
        3.86112904548645,
        3.878328323364258,
        3.7133402824401855,
        3.783872365951538,
        3.809981346130371
      ],
      "final_loss": 3.809981346130371,
      "loss_delta": -0.16425442695617676,
      "parameter_count": 4688,
      "trainable_parameter_count": 4688,
      "config": {
        "vocab_size": 45,
        "num_layers": 1,
        "hidden_size": 16,
        "max_tokens": 64,
        "num_heads": 4,
        "ffn_multiplier": 1.5,
        "dropout": 0.0,
        "validate_input_ranges": true,
        "tie_embeddings": false
      },
      "eval_metrics": {
        "eval_loss": 3.7189060052235923,
        "definition_use_loss": 3.9618815581003823,
        "cross_block_use_loss": 4.116415977478027,
        "definition_use_targets": 11.0,
        "cross_block_use_targets": 8.0
      }
    },
    {
      "variant": "transformer_matched",
      "losses": [
        3.863391637802124,
        3.876350164413452,
        3.977668046951294,
        3.7406954765319824,
        3.7780818939208984,
        3.900153398513794,
        3.651580810546875,
        3.6859350204467773,
        3.819514513015747,
        3.566941976547241,
        3.594478130340576,
        3.737360715866089
      ],
      "final_loss": 3.737360715866089,
      "loss_delta": -0.12603092193603516,
      "parameter_count": 6992,
      "trainable_parameter_count": 6992,
      "config": {
        "vocab_size": 45,
        "num_layers": 1,
        "hidden_size": 16,
        "max_tokens": 64,
        "num_heads": 4,
        "ffn_multiplier": 4.5,
        "dropout": 0.0,
        "validate_input_ranges": true,
        "tie_embeddings": false
      },
      "eval_metrics": {
        "eval_loss": 3.5730268955230713,
        "definition_use_loss": 3.5544515450795493,
        "cross_block_use_loss": 3.2967940966288247,
        "definition_use_targets": 11.0,
        "cross_block_use_targets": 8.0
      }
    },
    {
      "variant": "ast_graph",
      "losses": [
        4.072733402252197,
        3.828565835952759,
        3.8082525730133057,
        3.9530649185180664,
        3.7392313480377197,
        3.736736536026001,
        3.8638548851013184,
        3.6556808948516846,
        3.6611521244049072,
        3.778496265411377,
        3.572901964187622,
        3.5833802223205566
      ],
      "final_loss": 3.5833802223205566,
      "loss_delta": -0.4893531799316406,
      "parameter_count": 6960,
      "trainable_parameter_count": 6960,
      "config": {
        "vocab_size": 45,
        "num_layers": 1,
        "hidden_size": 16,
        "block_size": 8,
        "max_tokens": 64,
        "num_heads": 4,
        "num_graph_heads": 4,
        "num_experts": 1,
        "moe_top_k": 1,
        "ffn_multiplier": 1.5,
        "kv_compression": 0.5,
        "num_ast_types": 24,
        "ast_dim": 8,
        "ast_gate_scale": 0.1,
        "boundary_mix": 0.1,
        "boundary_width": 1,
        "cvd_prob": 0.0,
        "cvd_scope": "variable",
        "cvd_audit": false,
        "dropout": 0.0,
        "validate_input_ranges": true,
        "tie_embeddings": false,
        "use_ast_gate": true,
        "use_block_graph": true,
        "use_cvd": false,
        "use_moe": false,
        "use_boundary": true
      },
      "eval_metrics": {
        "eval_loss": 3.587562878926595,
        "definition_use_loss": 3.524082978566488,
        "cross_block_use_loss": 3.645164648691813,
        "definition_use_targets": 11.0,
        "cross_block_use_targets": 8.0
      }
    },
    {
      "variant": "random_dropout_control",
      "losses": [
        4.024693965911865,
        4.064538955688477,
        3.9919753074645996,
        3.9075164794921875,
        3.97117280960083,
        3.9244277477264404,
        3.8217811584472656,
        3.8853299617767334,
        3.854646921157837,
        3.7409629821777344,
        3.800994634628296,
        3.7836735248565674
      ],
      "final_loss": 3.7836735248565674,
      "loss_delta": -0.24102044105529785,
      "parameter_count": 6976,
      "trainable_parameter_count": 6976,
      "config": {
        "vocab_size": 45,
        "num_layers": 1,
        "hidden_size": 16,
        "block_size": 8,
        "max_tokens": 64,
        "num_heads": 4,
        "num_graph_heads": 4,
        "num_experts": 1,
        "moe_top_k": 1,
        "ffn_multiplier": 1.5,
        "kv_compression": 0.5,
        "num_ast_types": 24,
        "ast_dim": 8,
        "ast_gate_scale": 0.1,
        "boundary_mix": 0.1,
        "boundary_width": 1,
        "cvd_prob": 0.2,
        "cvd_scope": "random",
        "cvd_audit": false,
        "dropout": 0.0,
        "validate_input_ranges": true,
        "tie_embeddings": false,
        "use_ast_gate": true,
        "use_block_graph": true,
        "use_cvd": true,
        "use_moe": false,
        "use_boundary": true
      },
      "eval_metrics": {
        "eval_loss": 3.7201217810312905,
        "definition_use_loss": 3.8604185581207275,
        "cross_block_use_loss": 3.925433874130249,
        "definition_use_targets": 11.0,
        "cross_block_use_targets": 8.0
      }
    },
    {
      "variant": "variable_cvd",
      "losses": [
        4.024693965911865,
        4.064538955688477,
        3.9919753074645996,
        3.9075164794921875,
        3.97117280960083,
        3.9244277477264404,
        3.8217811584472656,
        3.8853299617767334,
        3.854646921157837,
        3.740936040878296,
        3.8009941577911377,
        3.783672332763672
      ],
      "final_loss": 3.783672332763672,
      "loss_delta": -0.24102163314819336,
      "parameter_count": 6976,
      "trainable_parameter_count": 6976,
      "config": {
        "vocab_size": 45,
        "num_layers": 1,
        "hidden_size": 16,
        "block_size": 8,
        "max_tokens": 64,
        "num_heads": 4,
        "num_graph_heads": 4,
        "num_experts": 1,
        "moe_top_k": 1,
        "ffn_multiplier": 1.5,
        "kv_compression": 0.5,
        "num_ast_types": 24,
        "ast_dim": 8,
        "ast_gate_scale": 0.1,
        "boundary_mix": 0.1,
        "boundary_width": 1,
        "cvd_prob": 0.2,
        "cvd_scope": "variable",
        "cvd_audit": false,
        "dropout": 0.0,
        "validate_input_ranges": true,
        "tie_embeddings": false,
        "use_ast_gate": true,
        "use_block_graph": true,
        "use_cvd": true,
        "use_moe": false,
        "use_boundary": true
      },
      "eval_metrics": {
        "eval_loss": 3.720120588938395,
        "definition_use_loss": 3.8604186375935874,
        "cross_block_use_loss": 3.925433079401652,
        "definition_use_targets": 11.0,
        "cross_block_use_targets": 8.0
      }
    },
    {
      "variant": "full_moe",
      "losses": [
        3.968526601791382,
        4.057029724121094,
        4.105342388153076,
        3.845797538757324,
        3.9643073081970215,
        4.029826641082764,
        3.7570765018463135,
        3.877901792526245,
        3.9542245864868164,
        3.673464059829712,
        3.793400526046753,
        3.8802924156188965
      ],
      "final_loss": 3.8802924156188965,
      "loss_delta": -0.08823418617248535,
      "parameter_count": 8160,
      "trainable_parameter_count": 8160,
      "config": {
        "vocab_size": 45,
        "num_layers": 1,
        "hidden_size": 16,