{
  "purpose": "seed-sweep summary for tiny diagnostics; not a benchmark",
  "seeds": [
    1,
    2,
    3,
    4,
    5
  ],
  "variants": [
    {
      "variant": "ast_graph",
      "params": 6960,
      "num_seeds": 5,
      "metrics": {
        "final_loss": {
          "mean": 3.6608272075653074,
          "std": 0.08356763145095222,
          "values": [
            3.6647160053253174,
            3.800548553466797,
            3.5677716732025146,
            3.5833802223205566,
            3.6877195835113525
          ]
        },
        "eval_loss": {
          "mean": 3.6345507780710857,
          "std": 0.06927128065236547,
          "values": [
            3.6735571225484214,
            3.7498779296875,
            3.5563697814941406,
            3.587562878926595,
            3.605386177698771
          ]
        },
        "definition_use_loss": {
          "mean": 3.4844366868336993,
          "std": 0.12536509116021624,
          "values": [
            3.5281147162119546,
            3.6669864654541016,
            3.294783274332682,
            3.524082978566488,
            3.4082159996032715
          ]
        },
        "cross_block_use_loss": {
          "mean": 3.5088687737782798,
          "std": 0.244051160303794,
          "values": [
            3.6859469413757324,
            3.7744346459706626,
            3.1495394706726074,
            3.645164648691813,
            3.2892581621805825
          ]
        }
      }
    },
    {
      "variant": "full_moe",
      "params": 8160,
      "num_seeds": 5,
      "metrics": {
        "final_loss": {
          "mean": 3.7526155948638915,
          "std": 0.09938367801860899,
          "values": [
            3.670177698135376,
            3.628782033920288,
            3.729203701019287,
            3.8802924156188965,
            3.8546221256256104
          ]
        },
        "eval_loss": {
          "mean": 3.649100828170776,
          "std": 0.06567013251651402,
          "values": [
            3.6694819927215576,
            3.5355175336201987,
            3.6206063429514566,
            3.7137770652770996,
            3.7061212062835693
          ]
        },
        "definition_use_loss": {
          "mean": 3.626857614517212,
          "std": 0.14236318064490294,
          "values": [
            3.8138010501861572,
            3.7010655403137207,
            3.648898124694824,
            3.586001714070638,
            3.3845216433207193
          ]
        },
        "cross_block_use_loss": {
          "mean": 3.629607391357422,
          "std": 0.18062388669848886,
          "values": [
            3.832693338394165,
            3.7706056435902915,
            3.548720677693685,
            3.6723953088124595,
            3.323621988296509
          ]
        }
      }
    },
    {
      "variant": "random_dropout_control",
      "params": 6976,
      "num_seeds": 2,
      "metrics": {
        "final_loss": {
          "mean": 3.7144304513931274,
          "std": 0.06924307346343994,
          "values": [
            3.7836735248565674,
            3.6451873779296875
          ]
        },
        "eval_loss": {
          "mean": 3.6605740388234453,
          "std": 0.05954774220784498,
          "values": [
            3.7201217810312905,
            3.6010262966156006
          ]
        },
        "definition_use_loss": {
          "mean": 3.905792673428853,
          "std": 0.04537411530812574,
          "values": [
            3.8604185581207275,
            3.951166788736979
          ]
        },
        "cross_block_use_loss": {
          "mean": 3.9408672253290815,
          "std": 0.015433351198832268,
          "values": [
            3.925433874130249,
            3.9563005765279136
          ]
        }
      }
    },
    {
      "variant": "transformer_baseline",
      "params": 4688,
      "num_seeds": 5,
      "metrics": {
        "final_loss": {
          "mean": 3.746630907058716,
          "std": 0.0664209807042564,
          "values": [
            3.7760448455810547,
            3.7770302295684814,
            3.7508955001831055,
            3.809981346130371,
            3.6192026138305664
          ]
        },
        "eval_loss": {
          "mean": 3.654055039087931,
          "std": 0.04388056540851517,
          "values": [
            3.6784772872924805,
            3.65635355313619,
            3.6259814898173013,
            3.7189060052235923,
            3.5905568599700928
          ]
        },
        "definition_use_loss": {
          "mean": 3.792678197224935,
          "std": 0.1312638214540974,
          "values": [
            3.878352721532186,
            3.624323844909668,
            3.6542988618214927,
            3.9618815581003823,
            3.844533999760946
          ]
        },
        "cross_block_use_loss": {
          "mean": 3.793907578786214,
          "std": 0.19637960097699178,
          "values": [
            3.812586704889933,
            3.6920247872670493,
            3.517012278238932,
            4.116415977478027,
            3.831498146057129
          ]
        }
      }
    },
    {
      "variant": "transformer_matched",
      "params": 6992,
      "num_seeds": 5,
      "metrics": {
        "final_loss": {
          "mean": 3.7029356956481934,
          "std": 0.06730219864948901,
          "values": [
            3.5817127227783203,
            3.699256658554077,
            3.7846519947052,
            3.737360715866089,
            3.7116963863372803
          ]
        },
        "eval_loss": {
          "mean": 3.639583158493042,
          "std": 0.08017337351529627,
          "values": [
            3.5410590171813965,
            3.760084788004557,
            3.697141726811727,
            3.5730268955230713,
            3.626603364944458
          ]
        },
        "definition_use_loss": {
          "mean": 3.6239020188649493,
          "std": 0.30979640474353387,
          "values": [
            3.10001007715861,
            3.77179749806722,
            3.6472535133361816,
            3.5544515450795493,
            4.0459974606831866
          ]
        },
        "cross_block_use_loss": {
          "mean": 3.565492312113444,
          "std": 0.3241109998822436,
          "values": [
            3.1573813756306968,
            3.9223201274871826,
            3.49314022064209,
            3.2967940966288247,
            3.9578257401784263
          ]
        }
      }
    },
    {
      "variant": "variable_cvd",
      "params": 6976,
      "num_seeds": 5,
      "metrics": {
        "final_loss": {
          "mean": 3.732537031173706,
          "std": 0.06101422079143139,
          "values": [
            3.6765198707580566,
            3.8007519245147705,
            3.7565577030181885,
            3.783672332763672,
            3.6451833248138428
          ]
        },
        "eval_loss": {
          "mean": 3.674821869532267,
          "std": 0.04484830650997438,
          "values": [
            3.6672396659851074,
            3.662445545196533,
            3.7232793172200522,
            3.720120588938395,
            3.6010242303212485
          ]
        },
        "definition_use_loss": {
          "mean": 3.8565569082895914,
          "std": 0.18606933391602545,
          "values": [
            3.9006354808807373,
            3.5095632076263428,
            4.06099287668864,
            3.8604186375935874,
            3.951174338658651
          ]
        },
        "cross_block_use_loss": {
          "mean": 3.884605566660563,
          "std": 0.22144216023766927,
          "values": [
            3.9422444502512612,
            3.4674277305603027,
            4.1316202481587725,
            3.925433079401652,
            3.9563023249308267
          ]
        }
      }
    }
  ],
  "random_vs_variable_cvd": {
    "seeds": [
      {
        "seed": 4,
        "final_loss_delta_variable_minus_random": -1.1920928955078125e-06,