{
  "purpose": "tiny plumbing and falsification sanity check; not a benchmark",
  "seed": 2,
  "num_cases": 3,
  "vocab_size": 45,
  "num_ast_types": 24,
  "prefix_feature_audit": {
    "cases": 3,
    "token_level_masks": 3,
    "max_input_length": 33,
    "max_ast_blocks": 5,
    "max_mask_width": 33,
    "all_prefix_aligned": 1.0,
    "violations": []
  },
  "variants": [
    {
      "variant": "random_dropout_control",
      "losses": [
        3.9543702602386475,
        3.952150344848633,
        4.047542095184326,
        3.8392739295959473,
        3.85740065574646,
        3.967512607574463,
        3.755734920501709,
        3.7686595916748047,
        3.8847310543060303,
        3.676767349243164,
        3.681838035583496,
        3.800764799118042
      ],
      "final_loss": 3.800764799118042,
      "loss_delta": -0.15360546112060547,
      "parameter_count": 6976,
      "trainable_parameter_count": 6976,
      "config": {
        "vocab_size": 45,
        "num_layers": 1,
        "hidden_size": 16,
        "block_size": 8,
        "max_tokens": 64,
        "num_heads": 4,
        "num_graph_heads": 4,
        "num_experts": 1,
        "moe_top_k": 1,
        "ffn_multiplier": 1.5,
        "kv_compression": 0.5,
        "num_ast_types": 24,
        "ast_dim": 8,
        "ast_gate_scale": 0.1,
        "boundary_mix": 0.1,
        "boundary_width": 1,
        "cvd_prob": 0.2,
        "cvd_scope": "random",
        "cvd_audit": false,
        "dropout": 0.0,
        "validate_input_ranges": true,
        "tie_embeddings": false,
        "use_ast_gate": true,
        "use_block_graph": true,
        "use_cvd": true,
        "use_moe": false,
        "use_boundary": true
      },
      "eval_metrics": {
        "eval_loss": 3.6624488035837808,
        "definition_use_loss": 3.509538253148397,
        "cross_block_use_loss": 3.4674344857533774,
        "definition_use_targets": 11.0,
        "cross_block_use_targets": 8.0
      }
    },
    {
      "variant": "variable_cvd",
      "losses": [
        3.9543721675872803,
        3.9521429538726807,
        4.047547817230225,
        3.8392727375030518,
        3.857388496398926,
        3.96751070022583,
        3.7557461261749268,
        3.7686493396759033,
        3.8847267627716064,
        3.6767895221710205,
        3.6818203926086426,
        3.8007521629333496
      ],
      "final_loss": 3.8007521629333496,
      "loss_delta": -0.15362000465393066,
      "parameter_count": 6976,
      "trainable_parameter_count": 6976,
      "config": {
        "vocab_size": 45,
        "num_layers": 1,
        "hidden_size": 16,
        "block_size": 8,
        "max_tokens": 64,
        "num_heads": 4,
        "num_graph_heads": 4,
        "num_experts": 1,
        "moe_top_k": 1,
        "ffn_multiplier": 1.5,
        "kv_compression": 0.5,
        "num_ast_types": 24,
        "ast_dim": 8,
        "ast_gate_scale": 0.1,
        "boundary_mix": 0.1,
        "boundary_width": 1,
        "cvd_prob": 0.2,
        "cvd_scope": "variable",
        "cvd_audit": false,
        "dropout": 0.0,
        "validate_input_ranges": true,
        "tie_embeddings": false,
        "use_ast_gate": true,
        "use_block_graph": true,
        "use_cvd": true,
        "use_moe": false,
        "use_boundary": true
      },
      "eval_metrics": {
        "eval_loss": 3.6624459425608316,
        "definition_use_loss": 3.5095605850219727,
        "cross_block_use_loss": 3.46742574373881,
        "definition_use_targets": 11.0,
        "cross_block_use_targets": 8.0
      }
    }
  ]
}