{
  "purpose": "tiny plumbing and falsification sanity check; not a benchmark",
  "seed": 5,
  "num_cases": 3,
  "vocab_size": 45,
  "num_ast_types": 24,
  "prefix_feature_audit": {
    "cases": 3,
    "token_level_masks": 3,
    "max_input_length": 33,
    "max_ast_blocks": 5,
    "max_mask_width": 33,
    "all_prefix_aligned": 1.0,
    "violations": []
  },
  "variants": [
    {
      "variant": "random_dropout_control",
      "losses": [
        4.040901184082031,
        3.8850812911987305,
        3.8754987716674805,
        3.919036388397217,
        3.7829110622406006,
        3.800321578979492,
        3.828963279724121,
        3.6878201961517334,
        3.7236573696136475,
        3.743288993835449,
        3.5939221382141113,
        3.6451873779296875
      ],
      "final_loss": 3.6451873779296875,
      "loss_delta": -0.39571380615234375,
      "parameter_count": 6976,
      "trainable_parameter_count": 6976,
      "config": {
        "vocab_size": 45,
        "num_layers": 1,
        "hidden_size": 16,
        "block_size": 8,
        "max_tokens": 64,
        "num_heads": 4,
        "num_graph_heads": 4,
        "num_experts": 1,
        "moe_top_k": 1,
        "ffn_multiplier": 1.5,
        "kv_compression": 0.5,
        "num_ast_types": 24,
        "ast_dim": 8,
        "ast_gate_scale": 0.1,
        "boundary_mix": 0.1,
        "boundary_width": 1,
        "cvd_prob": 0.2,
        "cvd_scope": "random",
        "cvd_audit": false,
        "dropout": 0.0,
        "validate_input_ranges": true,
        "tie_embeddings": false,
        "use_ast_gate": true,
        "use_block_graph": true,
        "use_cvd": true,
        "use_moe": false,
        "use_boundary": true
      },
      "eval_metrics": {
        "eval_loss": 3.6010262966156006,
        "definition_use_loss": 3.951166788736979,
        "cross_block_use_loss": 3.9563005765279136,
        "definition_use_targets": 11.0,
        "cross_block_use_targets": 8.0
      }
    },
    {
      "variant": "variable_cvd",
      "losses": [
        4.040901184082031,
        3.8850812911987305,
        3.8754987716674805,
        3.919036388397217,
        3.7829110622406006,
        3.800321578979492,
        3.828963279724121,
        3.6878201961517334,
        3.723663330078125,
        3.743297576904297,
        3.5939228534698486,
        3.6451833248138428
      ],
      "final_loss": 3.6451833248138428,
      "loss_delta": -0.3957178592681885,
      "parameter_count": 6976,
      "trainable_parameter_count": 6976,
      "config": {
        "vocab_size": 45,
        "num_layers": 1,
        "hidden_size": 16,
        "block_size": 8,
        "max_tokens": 64,
        "num_heads": 4,
        "num_graph_heads": 4,
        "num_experts": 1,
        "moe_top_k": 1,
        "ffn_multiplier": 1.5,
        "kv_compression": 0.5,
        "num_ast_types": 24,
        "ast_dim": 8,
        "ast_gate_scale": 0.1,
        "boundary_mix": 0.1,
        "boundary_width": 1,
        "cvd_prob": 0.2,
        "cvd_scope": "variable",
        "cvd_audit": false,
        "dropout": 0.0,
        "validate_input_ranges": true,
        "tie_embeddings": false,
        "use_ast_gate": true,
        "use_block_graph": true,
        "use_cvd": true,
        "use_moe": false,
        "use_boundary": true
      },
      "eval_metrics": {
        "eval_loss": 3.6010242303212485,
        "definition_use_loss": 3.951174338658651,
        "cross_block_use_loss": 3.9563023249308267,
        "definition_use_targets": 11.0,
        "cross_block_use_targets": 8.0
      }
    }
  ]
}