{
  "purpose": "tiny plumbing and falsification sanity check; not a benchmark",
  "seed": 3,
  "num_cases": 3,
  "vocab_size": 45,
  "num_ast_types": 24,
  "variants": [
    {
      "variant": "transformer_baseline",
      "losses": [
        3.814908504486084,
        3.984225034713745,
        3.977522850036621,
        3.704888343811035,
        3.896807909011841,
        3.904453992843628,
        3.6259214878082275,
        3.8145911693573,
        3.8282811641693115,
        3.552013397216797,
        3.733186960220337,
        3.7508955001831055
      ],
      "final_loss": 3.7508955001831055,
      "loss_delta": -0.06401300430297852,
      "parameter_count": 4688,
      "trainable_parameter_count": 4688,
      "config": {
        "vocab_size": 45,
        "num_layers": 1,
        "hidden_size": 16,
        "max_tokens": 64,
        "num_heads": 4,
        "ffn_multiplier": 1.5,
        "dropout": 0.0,
        "tie_embeddings": false
      },
      "eval_metrics": {
        "eval_loss": 3.6259814898173013,
        "definition_use_loss": 3.6542988618214927,
        "cross_block_use_loss": 3.517012278238932,
        "definition_use_targets": 11.0,
        "cross_block_use_targets": 8.0
      }
    },
    {
      "variant": "transformer_matched",
      "losses": [
        4.03869104385376,
        4.050005912780762,
        4.029255390167236,
        3.9064829349517822,
        3.951814889907837,
        3.949983596801758,
        3.810429573059082,
        3.86065673828125,
        3.867929458618164,
        3.7197256088256836,
        3.770949602127075,
        3.7846519947052
      ],
      "final_loss": 3.7846519947052,
      "loss_delta": -0.25403904914855957,
      "parameter_count": 6992,
      "trainable_parameter_count": 6992,
      "config": {
        "vocab_size": 45,
        "num_layers": 1,
        "hidden_size": 16,
        "max_tokens": 64,
        "num_heads": 4,
        "ffn_multiplier": 4.5,
        "dropout": 0.0,
        "tie_embeddings": false
      },
      "eval_metrics": {
        "eval_loss": 3.697141726811727,
        "definition_use_loss": 3.6472535133361816,
        "cross_block_use_loss": 3.49314022064209,
        "definition_use_targets": 11.0,
        "cross_block_use_targets": 8.0
      }
    },
    {
      "variant": "ast_graph",
      "losses": [
        4.031519412994385,
        3.7530598640441895,
        3.792571544647217,
        3.915008068084717,
        3.6669414043426514,
        3.720287322998047,
        3.8320834636688232,
        3.5871126651763916,
        3.6448116302490234,
        3.754155158996582,
        3.5085129737854004,
        3.5677716732025146
      ],
      "final_loss": 3.5677716732025146,
      "loss_delta": -0.4637477397918701,
      "parameter_count": 6960,
      "trainable_parameter_count": 6960,
      "config": {
        "vocab_size": 45,
        "num_layers": 1,
        "hidden_size": 16,
        "block_size": 8,
        "max_tokens": 64,
        "num_heads": 4,
        "num_graph_heads": 4,
        "num_experts": 1,
        "moe_top_k": 1,
        "ffn_multiplier": 1.5,
        "kv_compression": 0.5,
        "num_ast_types": 24,
        "ast_dim": 8,
        "ast_gate_scale": 0.1,
        "boundary_mix": 0.1,
        "boundary_width": 1,
        "cvd_prob": 0.0,
        "cvd_scope": "variable",
        "dropout": 0.0,
        "tie_embeddings": false,
        "use_ast_gate": true,
        "use_block_graph": true,
        "use_cvd": false,
        "use_moe": false,
        "use_boundary": true
      },
      "eval_metrics": {
        "eval_loss": 3.5563697814941406,
        "definition_use_loss": 3.294783274332682,
        "cross_block_use_loss": 3.1495394706726074,
        "definition_use_targets": 11.0,
        "cross_block_use_targets": 8.0
      }
    },
    {
      "variant": "variable_cvd",
      "losses": [
        3.9144301414489746,
        4.214926242828369,
        4.0060248374938965,
        3.7989325523376465,
        4.120357990264893,
        3.926298141479492,
        3.7158303260803223,
        4.0325236320495605,
        3.8419671058654785,
        3.636274814605713,
        3.9483485221862793,
        3.7565577030181885
      ],
      "final_loss": 3.7565577030181885,
      "loss_delta": -0.15787243843078613,
      "parameter_count": 6976,
      "trainable_parameter_count": 6976,
      "config": {
        "vocab_size": 45,
        "num_layers": 1,
        "hidden_size": 16,
        "block_size": 8,
        "max_tokens": 64,
        "num_heads": 4,
        "num_graph_heads": 4,
        "num_experts": 1,
        "moe_top_k": 1,
        "ffn_multiplier": 1.5,
        "kv_compression": 0.5,
        "num_ast_types": 24,
        "ast_dim": 8,
        "ast_gate_scale": 0.1,
        "boundary_mix": 0.1,
        "boundary_width": 1,
        "cvd_prob": 0.2,
        "cvd_scope": "variable",
        "dropout": 0.0,
        "tie_embeddings": false,
        "use_ast_gate": true,
        "use_block_graph": true,
        "use_cvd": true,
        "use_moe": false,
        "use_boundary": true
      },
      "eval_metrics": {
        "eval_loss": 3.7232793172200522,
        "definition_use_loss": 4.06099287668864,
        "cross_block_use_loss": 4.1316202481587725,
        "definition_use_targets": 11.0,
        "cross_block_use_targets": 8.0
      }
    },
    {
      "variant": "full_moe",
      "losses": [
        3.930661916732788,
        3.9514071941375732,
        3.9707133769989014,
        3.8090832233428955,
        3.86057186126709,
        3.889643669128418,
        3.721278190612793,
        3.7799313068389893,
        3.806391477584839,
        3.644016742706299,
        3.6950888633728027,
        3.729203701019287
      ],
      "final_loss": 3.729203701019287,
      "loss_delta": -0.20145821571350098,
      "parameter_count": 8160,
      "trainable_parameter_count": 8160,
      "config": {
        "vocab_size": 45,
        "num_layers": 1,
        "hidden_size": 16,
        "block_size": 8,
        "max_tokens": 64,
        "num_heads": 4,
        "num_graph_heads": 4,
        "num_experts": 2,
        "moe_top_k": 1,
        "ffn_multiplier": 1.5,
        "kv_compression": 0.5,
        "num_ast_types": 24,
        "ast_dim": 8,
        "ast_gate_scale": 0.1,
        "boundary_mix": 0.1,
        "boundary_width": 1,
        "cvd_prob": 0.2,
        "cvd_scope": "variable",
        "dropout": 0.0,
        "tie_embeddings": false,
        "use_ast_gate": true,
        "use_block_graph": true,
        "use_cvd": true,
        "use_moe": true,
        "use_boundary": true
      },
      "eval_metrics": {
        "eval_loss": 3.6206063429514566,
        "definition_use_loss": 3.648898124694824,
        "cross_block_use_loss": 3.548720677693685,
        "definition_use_targets": 11.0,
        "cross_block_use_targets": 8.0
      }
    }
  ]
}