{
  "purpose": "tiny plumbing and falsification sanity check; not a benchmark",
  "seed": 7,
  "num_cases": 3,
  "vocab_size": 45,
  "num_ast_types": 24,
  "variants": [
    {
      "variant": "transformer_baseline",
      "losses": [
        3.876389503479004,
        4.118861675262451,
        3.809990167617798,
        3.762838125228882,
        4.02514123916626,
        3.742919921875,
        3.6815154552459717,
        3.938328266143799,
        3.673374891281128,
        3.6056556701660156,
        3.853084087371826,
        3.6033527851104736
      ],
      "final_loss": 3.6033527851104736,
      "loss_delta": -0.2730367183685303,
      "parameter_count": 4688,
      "trainable_parameter_count": 4688,
      "config": {
        "vocab_size": 45,
        "num_layers": 1,
        "hidden_size": 16,
        "max_tokens": 64,
        "num_heads": 4,
        "ffn_multiplier": 1.5,
        "dropout": 0.0,
        "tie_embeddings": false
      },
      "eval_metrics": {
        "eval_loss": 3.6341682275136313,
        "definition_use_loss": 3.662970781326294,
        "cross_block_use_loss": 3.567913214365641,
        "definition_use_targets": 11.0,
        "cross_block_use_targets": 10.0
      }
    },
    {
      "variant": "transformer_matched",
      "losses": [
        4.059558391571045,
        3.849429130554199,
        3.902280330657959,
        3.924999237060547,
        3.742767095565796,
        3.828869342803955,
        3.827040433883667,
        3.644392967224121,
        3.7525434494018555,
        3.733600378036499,
        3.5481297969818115,
        3.675102949142456
      ],
      "final_loss": 3.675102949142456,
      "loss_delta": -0.38445544242858887,
      "parameter_count": 6992,
      "trainable_parameter_count": 6992,
      "config": {
        "vocab_size": 45,
        "num_layers": 1,
        "hidden_size": 16,
        "max_tokens": 64,
        "num_heads": 4,
        "ffn_multiplier": 4.5,
        "dropout": 0.0,
        "tie_embeddings": false
      },
      "eval_metrics": {
        "eval_loss": 3.5889317989349365,
        "definition_use_loss": 3.9100902875264487,
        "cross_block_use_loss": 3.846696615219116,
        "definition_use_targets": 11.0,
        "cross_block_use_targets": 10.0
      }
    },
    {
      "variant": "ast_graph",
      "losses": [
        3.798640727996826,
        3.9317405223846436,
        4.186166286468506,
        3.6780309677124023,
        3.833273410797119,
        4.107876777648926,
        3.592135429382324,
        3.7416703701019287,
        4.026626110076904,
        3.511481285095215,
        3.651024103164673,
        3.944380283355713
      ],
      "final_loss": 3.944380283355713,
      "loss_delta": 0.14573955535888672,
      "parameter_count": 6960,
      "trainable_parameter_count": 6960,
      "config": {
        "vocab_size": 45,
        "num_layers": 1,
        "hidden_size": 16,
        "block_size": 4,
        "max_tokens": 64,
        "num_heads": 4,
        "num_graph_heads": 4,
        "num_experts": 1,
        "moe_top_k": 1,
        "ffn_multiplier": 1.5,
        "kv_compression": 0.5,
        "num_ast_types": 24,
        "ast_dim": 8,
        "ast_gate_scale": 0.1,
        "boundary_mix": 0.1,
        "boundary_width": 1,
        "cvd_prob": 0.0,
        "cvd_scope": "variable",
        "dropout": 0.0,
        "tie_embeddings": false,
        "use_ast_gate": true,
        "use_block_graph": true,
        "use_cvd": false,
        "use_moe": false,
        "use_boundary": true
      },
      "eval_metrics": {
        "eval_loss": 3.644268751144409,
        "definition_use_loss": 3.459420363108317,
        "cross_block_use_loss": 3.439833164215088,
        "definition_use_targets": 11.0,
        "cross_block_use_targets": 10.0
      }
    },
    {
      "variant": "variable_cvd",
      "losses": [
        3.783787727355957,
        3.9374594688415527,
        3.863950729370117,
        3.6636834144592285,
        3.8387248516082764,
        3.7916007041931152,
        3.5791990756988525,
        3.747974157333374,
        3.7148263454437256,
        3.5001094341278076,
        3.6595072746276855,
        3.63619327545166
      ],
      "final_loss": 3.63619327545166,
      "loss_delta": -0.14759445190429688,
      "parameter_count": 6976,
      "trainable_parameter_count": 6976,
      "config": {
        "vocab_size": 45,
        "num_layers": 1,
        "hidden_size": 16,
        "block_size": 4,
        "max_tokens": 64,
        "num_heads": 4,
        "num_graph_heads": 4,
        "num_experts": 1,
        "moe_top_k": 1,
        "ffn_multiplier": 1.5,
        "kv_compression": 0.5,
        "num_ast_types": 24,
        "ast_dim": 8,
        "ast_gate_scale": 0.1,
        "boundary_mix": 0.1,
        "boundary_width": 1,
        "cvd_prob": 0.2,
        "cvd_scope": "variable",
        "dropout": 0.0,
        "tie_embeddings": false,
        "use_ast_gate": true,
        "use_block_graph": true,
        "use_cvd": true,
        "use_moe": false,
        "use_boundary": true
      },
      "eval_metrics": {
        "eval_loss": 3.541929006576538,
        "definition_use_loss": 3.731729427973429,
        "cross_block_use_loss": 3.7725659211476645,
        "definition_use_targets": 11.0,
        "cross_block_use_targets": 10.0
      }
    },
    {
      "variant": "full_moe",
      "losses": [
        4.053640365600586,
        3.830472469329834,
        3.903137683868408,
        3.927098512649536,
        3.7332475185394287,
        3.8336637020111084,
        3.8378522396087646,
        3.642224073410034,
        3.7617757320404053,
        3.7546422481536865,
        3.552241802215576,
        3.686915874481201
      ],
      "final_loss": 3.686915874481201,
      "loss_delta": -0.36672449111938477,
      "parameter_count": 8160,
      "trainable_parameter_count": 8160,
      "config": {
        "vocab_size": 45,
        "num_layers": 1,
        "hidden_size": 16,
        "block_size": 4,
        "max_tokens": 64,
        "num_heads": 4,
        "num_graph_heads": 4,
        "num_experts": 2,
        "moe_top_k": 1,
        "ffn_multiplier": 1.5,
        "kv_compression": 0.5,
        "num_ast_types": 24,
        "ast_dim": 8,
        "ast_gate_scale": 0.1,
        "boundary_mix": 0.1,
        "boundary_width": 1,
        "cvd_prob": 0.2,
        "cvd_scope": "variable",
        "dropout": 0.0,
        "tie_embeddings": false,
        "use_ast_gate": true,
        "use_block_graph": true,
        "use_cvd": true,
        "use_moe": true,
        "use_boundary": true
      },
      "eval_metrics": {
        "eval_loss": 3.595109542210897,
        "definition_use_loss": 3.412085851033529,
        "cross_block_use_loss": 3.4101279576619468,
        "definition_use_targets": 11.0,
        "cross_block_use_targets": 10.0
      }
    }
  ]
}