{
  "purpose": "tiny plumbing and falsification sanity check; not a benchmark",
  "seed": 1,
  "num_cases": 3,
  "vocab_size": 45,
  "num_ast_types": 24,
  "variants": [
    {
      "variant": "transformer_baseline",
      "losses": [
        3.986330509185791,
        3.971754312515259,
        3.992673397064209,
        3.8699305057525635,
        3.881335496902466,
        3.922252655029297,
        3.784359931945801,
        3.797976493835449,
        3.8493759632110596,
        3.703979730606079,
        3.7169270515441895,
        3.7760448455810547
      ],
      "final_loss": 3.7760448455810547,
      "loss_delta": -0.21028566360473633,
      "parameter_count": 4688,
      "trainable_parameter_count": 4688,
      "config": {
        "vocab_size": 45,
        "num_layers": 1,
        "hidden_size": 16,
        "max_tokens": 64,
        "num_heads": 4,
        "ffn_multiplier": 1.5,
        "dropout": 0.0,
        "tie_embeddings": false
      },
      "eval_metrics": {
        "eval_loss": 3.6784772872924805,
        "definition_use_loss": 3.878352721532186,
        "cross_block_use_loss": 3.812586704889933,
        "definition_use_targets": 11.0,
        "cross_block_use_targets": 8.0
      }
    },
    {
      "variant": "transformer_matched",
      "losses": [
        3.860776662826538,
        3.931654453277588,
        3.821584939956665,
        3.734604835510254,
        3.8359572887420654,
        3.7445876598358154,
        3.644906997680664,
        3.746464252471924,
        3.6640474796295166,
        3.5608201026916504,
        3.6574819087982178,
        3.5817127227783203
      ],
      "final_loss": 3.5817127227783203,
      "loss_delta": -0.2790639400482178,
      "parameter_count": 6992,
      "trainable_parameter_count": 6992,
      "config": {
        "vocab_size": 45,
        "num_layers": 1,
        "hidden_size": 16,
        "max_tokens": 64,
        "num_heads": 4,
        "ffn_multiplier": 4.5,
        "dropout": 0.0,
        "tie_embeddings": false
      },
      "eval_metrics": {
        "eval_loss": 3.5410590171813965,
        "definition_use_loss": 3.10001007715861,
        "cross_block_use_loss": 3.1573813756306968,
        "definition_use_targets": 11.0,
        "cross_block_use_targets": 8.0
      }
    },
    {
      "variant": "ast_graph",
      "losses": [
        4.0506110191345215,
        4.051416397094727,
        3.89457368850708,
        3.9239325523376465,
        3.9575257301330566,
        3.820124387741089,
        3.8309340476989746,
        3.8708019256591797,
        3.7428314685821533,
        3.743492364883423,
        3.786015510559082,
        3.6647160053253174
      ],
      "final_loss": 3.6647160053253174,
      "loss_delta": -0.3858950138092041,
      "parameter_count": 6960,
      "trainable_parameter_count": 6960,
      "config": {
        "vocab_size": 45,
        "num_layers": 1,
        "hidden_size": 16,
        "block_size": 8,
        "max_tokens": 64,
        "num_heads": 4,
        "num_graph_heads": 4,
        "num_experts": 1,
        "moe_top_k": 1,
        "ffn_multiplier": 1.5,
        "kv_compression": 0.5,
        "num_ast_types": 24,
        "ast_dim": 8,
        "ast_gate_scale": 0.1,
        "boundary_mix": 0.1,
        "boundary_width": 1,
        "cvd_prob": 0.0,
        "cvd_scope": "variable",
        "dropout": 0.0,
        "tie_embeddings": false,
        "use_ast_gate": true,
        "use_block_graph": true,
        "use_cvd": false,
        "use_moe": false,
        "use_boundary": true
      },
      "eval_metrics": {
        "eval_loss": 3.6735571225484214,
        "definition_use_loss": 3.5281147162119546,
        "cross_block_use_loss": 3.6859469413757324,
        "definition_use_targets": 11.0,
        "cross_block_use_targets": 8.0
      }
    },
    {
      "variant": "variable_cvd",
      "losses": [
        4.004396438598633,
        4.048840045928955,
        3.905183792114258,
        3.8838446140289307,
        3.954554557800293,
        3.8315162658691406,
        3.7958860397338867,
        3.8670647144317627,
        3.754805088043213,
        3.712985038757324,
        3.781468629837036,
        3.6765198707580566
      ],
      "final_loss": 3.6765198707580566,
      "loss_delta": -0.32787656784057617,
      "parameter_count": 6976,
      "trainable_parameter_count": 6976,
      "config": {
        "vocab_size": 45,
        "num_layers": 1,
        "hidden_size": 16,
        "block_size": 8,
        "max_tokens": 64,
        "num_heads": 4,
        "num_graph_heads": 4,
        "num_experts": 1,
        "moe_top_k": 1,
        "ffn_multiplier": 1.5,
        "kv_compression": 0.5,
        "num_ast_types": 24,
        "ast_dim": 8,
        "ast_gate_scale": 0.1,
        "boundary_mix": 0.1,
        "boundary_width": 1,
        "cvd_prob": 0.2,
        "cvd_scope": "variable",
        "dropout": 0.0,
        "tie_embeddings": false,
        "use_ast_gate": true,
        "use_block_graph": true,
        "use_cvd": true,
        "use_moe": false,
        "use_boundary": true
      },
      "eval_metrics": {
        "eval_loss": 3.6672396659851074,
        "definition_use_loss": 3.9006354808807373,
        "cross_block_use_loss": 3.9422444502512612,
        "definition_use_targets": 11.0,
        "cross_block_use_targets": 8.0
      }
    },
    {
      "variant": "full_moe",
      "losses": [
        4.022634029388428,
        4.1409077644348145,
        3.9075045585632324,
        3.8910634517669678,
        4.03725528717041,
        3.833679437637329,
        3.7954185009002686,
        3.9390151500701904,
        3.752171516418457,
        3.7040843963623047,
        3.841627597808838,
        3.670177698135376
      ],
      "final_loss": 3.670177698135376,
      "loss_delta": -0.35245633125305176,
      "parameter_count": 8160,
      "trainable_parameter_count": 8160,
      "config": {
        "vocab_size": 45,
        "num_layers": 1,
        "hidden_size": 16,
        "block_size": 8,
        "max_tokens": 64,
        "num_heads": 4,
        "num_graph_heads": 4,
        "num_experts": 2,
        "moe_top_k": 1,
        "ffn_multiplier": 1.5,
        "kv_compression": 0.5,
        "num_ast_types": 24,
        "ast_dim": 8,
        "ast_gate_scale": 0.1,
        "boundary_mix": 0.1,
        "boundary_width": 1,
        "cvd_prob": 0.2,
        "cvd_scope": "variable",
        "dropout": 0.0,
        "tie_embeddings": false,
        "use_ast_gate": true,
        "use_block_graph": true,
        "use_cvd": true,
        "use_moe": true,
        "use_boundary": true
      },
      "eval_metrics": {
        "eval_loss": 3.6694819927215576,
        "definition_use_loss": 3.8138010501861572,
        "cross_block_use_loss": 3.832693338394165,
        "definition_use_targets": 11.0,
        "cross_block_use_targets": 8.0
      }
    }
  ]
}