{
  "purpose": "tiny plumbing and falsification sanity check; not a benchmark",
  "seed": 3,
  "num_cases": 3,
  "vocab_size": 45,
  "num_ast_types": 24,
  "prefix_feature_audit": {
    "cases": 3,
    "token_level_masks": 3,
    "max_input_length": 33,
    "max_ast_blocks": 5,
    "max_mask_width": 33,
    "all_prefix_aligned": 1.0,
    "violations": []
  },
  "variants": [
    {
      "variant": "random_dropout_control",
      "losses": [
        3.9144301414489746,
        4.214926242828369,
        4.0060248374938965,
        3.7989468574523926,
        4.120357513427734,
        3.9262897968292236,
        3.715829849243164,
        4.032520771026611,
        3.8419642448425293,
        3.6363015174865723,
        3.9483447074890137,
        3.7565512657165527
      ],
      "final_loss": 3.7565512657165527,
      "loss_delta": -0.15787887573242188,
      "parameter_count": 6976,
      "trainable_parameter_count": 6976,
      "config": {
        "vocab_size": 45,
        "num_layers": 1,
        "hidden_size": 16,
        "block_size": 8,
        "max_tokens": 64,
        "num_heads": 4,
        "num_graph_heads": 4,
        "num_experts": 1,
        "moe_top_k": 1,
        "ffn_multiplier": 1.5,
        "kv_compression": 0.5,
        "num_ast_types": 24,
        "ast_dim": 8,
        "ast_gate_scale": 0.1,
        "boundary_mix": 0.1,
        "boundary_width": 1,
        "cvd_prob": 0.2,
        "cvd_scope": "random",
        "cvd_audit": false,
        "dropout": 0.0,
        "validate_input_ranges": true,
        "tie_embeddings": false,
        "use_ast_gate": true,
        "use_block_graph": true,
        "use_cvd": true,
        "use_moe": false,
        "use_boundary": true
      },
      "eval_metrics": {
        "eval_loss": 3.723277966181437,
        "definition_use_loss": 4.06096879641215,
        "cross_block_use_loss": 4.131593704223633,
        "definition_use_targets": 11.0,
        "cross_block_use_targets": 8.0
      }
    },
    {
      "variant": "variable_cvd",
      "losses": [
        3.9144301414489746,
        4.214926242828369,
        4.0060248374938965,
        3.7989325523376465,
        4.120357990264893,
        3.9262921810150146,
        3.7158281803131104,
        4.032522201538086,
        3.841965675354004,
        3.636272668838501,
        3.948349952697754,
        3.7565550804138184
      ],
      "final_loss": 3.7565550804138184,
      "loss_delta": -0.15787506103515625,
      "parameter_count": 6976,
      "trainable_parameter_count": 6976,
      "config": {
        "vocab_size": 45,
        "num_layers": 1,
        "hidden_size": 16,
        "block_size": 8,
        "max_tokens": 64,
        "num_heads": 4,
        "num_graph_heads": 4,
        "num_experts": 1,
        "moe_top_k": 1,
        "ffn_multiplier": 1.5,
        "kv_compression": 0.5,
        "num_ast_types": 24,
        "ast_dim": 8,
        "ast_gate_scale": 0.1,
        "boundary_mix": 0.1,
        "boundary_width": 1,
        "cvd_prob": 0.2,
        "cvd_scope": "variable",
        "cvd_audit": false,
        "dropout": 0.0,
        "validate_input_ranges": true,
        "tie_embeddings": false,
        "use_ast_gate": true,
        "use_block_graph": true,
        "use_cvd": true,
        "use_moe": false,
        "use_boundary": true
      },
      "eval_metrics": {
        "eval_loss": 3.723277966181437,
        "definition_use_loss": 4.060981671015422,
        "cross_block_use_loss": 4.131609280904134,
        "definition_use_targets": 11.0,
        "cross_block_use_targets": 8.0
      }
    }
  ]
}