{
  "purpose": "tiny plumbing and falsification sanity check; not a benchmark",
  "seed": 7,
  "num_cases": 3,
  "vocab_size": 45,
  "num_ast_types": 24,
  "variants": [
    {
      "variant": "transformer_baseline",
      "losses": [
        3.876389503479004,
        4.118861675262451,
        3.809990167617798,
        3.762838125228882,
        4.02514123916626,
        3.742919921875,
        3.6815154552459717,
        3.938328266143799,
        3.673374891281128,
        3.6056556701660156,
        3.853084087371826,
        3.6033527851104736
      ],
      "final_loss": 3.6033527851104736,
      "loss_delta": -0.2730367183685303,
      "parameter_count": 4688,
      "trainable_parameter_count": 4688,
      "config": {
        "vocab_size": 45,
        "num_layers": 1,
        "hidden_size": 16,
        "max_tokens": 64,
        "num_heads": 4,
        "ffn_multiplier": 1.5,
        "dropout": 0.0,
        "tie_embeddings": false
      },
      "eval_metrics": {
        "eval_loss": 3.6341682275136313,
        "definition_use_loss": 3.662970781326294,
        "cross_block_use_loss": 3.4862887859344482,
        "definition_use_targets": 11.0,
        "cross_block_use_targets": 6.0
      }
    },
    {
      "variant": "transformer_matched",
      "losses": [
        4.059558391571045,
        3.849429130554199,
        3.902280330657959,
        3.924999237060547,
        3.742767095565796,
        3.828869342803955,
        3.827040433883667,
        3.644392967224121,
        3.7525434494018555,
        3.733600378036499,
        3.5481297969818115,
        3.675102949142456
      ],
      "final_loss": 3.675102949142456,
      "loss_delta": -0.38445544242858887,
      "parameter_count": 6992,
      "trainable_parameter_count": 6992,
      "config": {
        "vocab_size": 45,
        "num_layers": 1,
        "hidden_size": 16,
        "max_tokens": 64,
        "num_heads": 4,
        "ffn_multiplier": 4.5,
        "dropout": 0.0,
        "tie_embeddings": false
      },
      "eval_metrics": {
        "eval_loss": 3.5889317989349365,
        "definition_use_loss": 3.9100902875264487,
        "cross_block_use_loss": 3.3826534748077393,
        "definition_use_targets": 11.0,
        "cross_block_use_targets": 6.0
      }
    },
    {
      "variant": "ast_graph",
      "losses": [
        3.7949507236480713,
        3.9349801540374756,
        4.184073448181152,
        3.6814818382263184,
        3.844050884246826,
        4.109476566314697,
        3.600095748901367,
        3.759629964828491,
        4.032423496246338,
        3.52349853515625,
        3.6763041019439697,
        3.954763174057007
      ],
      "final_loss": 3.954763174057007,
      "loss_delta": 0.15981245040893555,
      "parameter_count": 6960,
      "trainable_parameter_count": 6960,
      "config": {
        "vocab_size": 45,
        "num_layers": 1,
        "hidden_size": 16,
        "block_size": 16,
        "max_tokens": 64,
        "num_heads": 4,
        "num_graph_heads": 4,
        "num_experts": 1,
        "moe_top_k": 1,
        "ffn_multiplier": 1.5,
        "kv_compression": 0.5,
        "num_ast_types": 24,
        "ast_dim": 8,
        "ast_gate_scale": 0.1,
        "boundary_mix": 0.1,
        "boundary_width": 1,
        "cvd_prob": 0.0,
        "cvd_scope": "variable",
        "dropout": 0.0,
        "tie_embeddings": false,
        "use_ast_gate": true,
        "use_block_graph": true,
        "use_cvd": false,
        "use_moe": false,
        "use_boundary": true
      },
      "eval_metrics": {
        "eval_loss": 3.6638611952463784,
        "definition_use_loss": 3.4704630374908447,
        "cross_block_use_loss": 3.788720448811849,
        "definition_use_targets": 11.0,
        "cross_block_use_targets": 6.0
      }
    },
    {
      "variant": "variable_cvd",
      "losses": [
        3.7804651260375977,
        3.9294393062591553,
        3.857970714569092,
        3.6660585403442383,
        3.8392202854156494,
        3.7886199951171875,
        3.585289478302002,
        3.7558035850524902,
        3.715453624725342,
        3.5087783336639404,
        3.6738710403442383,
        3.640545606613159
      ],
      "final_loss": 3.640545606613159,
      "loss_delta": -0.13991951942443848,
      "parameter_count": 6976,
      "trainable_parameter_count": 6976,
      "config": {
        "vocab_size": 45,
        "num_layers": 1,
        "hidden_size": 16,
        "block_size": 16,
        "max_tokens": 64,
        "num_heads": 4,
        "num_graph_heads": 4,
        "num_experts": 1,
        "moe_top_k": 1,
        "ffn_multiplier": 1.5,
        "kv_compression": 0.5,
        "num_ast_types": 24,
        "ast_dim": 8,
        "ast_gate_scale": 0.1,
        "boundary_mix": 0.1,
        "boundary_width": 1,
        "cvd_prob": 0.2,
        "cvd_scope": "variable",
        "dropout": 0.0,
        "tie_embeddings": false,
        "use_ast_gate": true,
        "use_block_graph": true,
        "use_cvd": true,
        "use_moe": false,
        "use_boundary": true
      },
      "eval_metrics": {
        "eval_loss": 3.5540075302124023,
        "definition_use_loss": 3.7805356979370117,
        "cross_block_use_loss": 3.9170162677764893,
        "definition_use_targets": 11.0,
        "cross_block_use_targets": 6.0
      }
    },
    {
      "variant": "full_moe",
      "losses": [
        4.051141262054443,
        3.8290913105010986,
        3.905689239501953,
        3.9304447174072266,
        3.7410976886749268,
        3.8418140411376953,
        3.8447413444519043,
        3.6594250202178955,
        3.7714719772338867,
        3.7652299404144287,
        3.5794637203216553,
        3.6991004943847656
      ],
      "final_loss": 3.6991004943847656,
      "loss_delta": -0.35204076766967773,
      "parameter_count": 8160,
      "trainable_parameter_count": 8160,
      "config": {
        "vocab_size": 45,
        "num_layers": 1,
        "hidden_size": 16,
        "block_size": 16,
        "max_tokens": 64,
        "num_heads": 4,
        "num_graph_heads": 4,
        "num_experts": 2,
        "moe_top_k": 1,
        "ffn_multiplier": 1.5,
        "kv_compression": 0.5,
        "num_ast_types": 24,
        "ast_dim": 8,
        "ast_gate_scale": 0.1,
        "boundary_mix": 0.1,
        "boundary_width": 1,
        "cvd_prob": 0.2,
        "cvd_scope": "variable",
        "dropout": 0.0,
        "tie_embeddings": false,
        "use_ast_gate": true,
        "use_block_graph": true,
        "use_cvd": true,
        "use_moe": true,
        "use_boundary": true
      },
      "eval_metrics": {
        "eval_loss": 3.614654541015625,
        "definition_use_loss": 3.4468255837758384,
        "cross_block_use_loss": 3.388219674428304,
        "definition_use_targets": 11.0,
        "cross_block_use_targets": 6.0
      }
    }
  ]
}