{
  "purpose": "tiny plumbing and falsification sanity check; not a benchmark",
  "seed": 4,
  "num_cases": 3,
  "vocab_size": 45,
  "num_ast_types": 24,
  "prefix_feature_audit": {
    "cases": 3,
    "token_level_masks": 3,
    "max_input_length": 33,
    "max_ast_blocks": 5,
    "max_mask_width": 33,
    "all_prefix_aligned": 1.0,
    "violations": []
  },
  "variants": [
    {
      "variant": "random_dropout_control",
      "losses": [
        4.024693965911865,
        4.064538955688477,
        3.9919753074645996,
        3.9075164794921875,
        3.97117280960083,
        3.9244277477264404,
        3.8217811584472656,
        3.8853299617767334,
        3.854646921157837,
        3.7409629821777344,
        3.800994634628296,
        3.7836735248565674
      ],
      "final_loss": 3.7836735248565674,
      "loss_delta": -0.24102044105529785,
      "parameter_count": 6976,
      "trainable_parameter_count": 6976,
      "config": {
        "vocab_size": 45,
        "num_layers": 1,
        "hidden_size": 16,
        "block_size": 8,
        "max_tokens": 64,
        "num_heads": 4,
        "num_graph_heads": 4,
        "num_experts": 1,
        "moe_top_k": 1,
        "ffn_multiplier": 1.5,
        "kv_compression": 0.5,
        "num_ast_types": 24,
        "ast_dim": 8,
        "ast_gate_scale": 0.1,
        "boundary_mix": 0.1,
        "boundary_width": 1,
        "cvd_prob": 0.2,
        "cvd_scope": "random",
        "cvd_audit": false,
        "dropout": 0.0,
        "validate_input_ranges": true,
        "tie_embeddings": false,
        "use_ast_gate": true,
        "use_block_graph": true,
        "use_cvd": true,
        "use_moe": false,
        "use_boundary": true
      },
      "eval_metrics": {
        "eval_loss": 3.7201217810312905,
        "definition_use_loss": 3.8604185581207275,
        "cross_block_use_loss": 3.925433874130249,
        "definition_use_targets": 11.0,
        "cross_block_use_targets": 8.0
      }
    },
    {
      "variant": "variable_cvd",
      "losses": [
        4.024693965911865,
        4.064538955688477,
        3.9919753074645996,
        3.9075164794921875,
        3.97117280960083,
        3.9244277477264404,
        3.8217811584472656,
        3.8853299617767334,
        3.854646921157837,
        3.740936040878296,
        3.8009941577911377,
        3.783672332763672
      ],
      "final_loss": 3.783672332763672,
      "loss_delta": -0.24102163314819336,
      "parameter_count": 6976,
      "trainable_parameter_count": 6976,
      "config": {
        "vocab_size": 45,
        "num_layers": 1,
        "hidden_size": 16,
        "block_size": 8,
        "max_tokens": 64,
        "num_heads": 4,
        "num_graph_heads": 4,
        "num_experts": 1,
        "moe_top_k": 1,
        "ffn_multiplier": 1.5,
        "kv_compression": 0.5,
        "num_ast_types": 24,
        "ast_dim": 8,
        "ast_gate_scale": 0.1,
        "boundary_mix": 0.1,
        "boundary_width": 1,
        "cvd_prob": 0.2,
        "cvd_scope": "variable",
        "cvd_audit": false,
        "dropout": 0.0,
        "validate_input_ranges": true,
        "tie_embeddings": false,
        "use_ast_gate": true,
        "use_block_graph": true,
        "use_cvd": true,
        "use_moe": false,
        "use_boundary": true
      },
      "eval_metrics": {
        "eval_loss": 3.720120588938395,
        "definition_use_loss": 3.8604186375935874,
        "cross_block_use_loss": 3.925433079401652,
        "definition_use_targets": 11.0,
        "cross_block_use_targets": 8.0
      }
    }
  ]
}