{
  "purpose": "tiny plumbing and falsification sanity check; not a benchmark",
  "seed": 2,
  "num_cases": 3,
  "vocab_size": 45,
  "num_ast_types": 24,
  "variants": [
    {
      "variant": "transformer_baseline",
      "losses": [
        3.9656805992126465,
        3.8882975578308105,
        4.009119987487793,
        3.859149217605591,
        3.7996413707733154,
        3.9336886405944824,
        3.7824692726135254,
        3.7175748348236084,
        3.855642318725586,
        3.7104833126068115,
        3.6372013092041016,
        3.7770302295684814
      ],
      "final_loss": 3.7770302295684814,
      "loss_delta": -0.18865036964416504,
      "parameter_count": 4688,
      "trainable_parameter_count": 4688,
      "config": {
        "vocab_size": 45,
        "num_layers": 1,
        "hidden_size": 16,
        "max_tokens": 64,
        "num_heads": 4,
        "ffn_multiplier": 1.5,
        "dropout": 0.0,
        "tie_embeddings": false
      },
      "eval_metrics": {
        "eval_loss": 3.65635355313619,
        "definition_use_loss": 3.624323844909668,
        "cross_block_use_loss": 3.6920247872670493,
        "definition_use_targets": 11.0,
        "cross_block_use_targets": 8.0
      }
    },
    {
      "variant": "transformer_matched",
      "losses": [
        4.1614298820495605,
        4.202783107757568,
        3.953376531600952,
        4.03932523727417,
        4.092798233032227,
        3.871176242828369,
        3.952583074569702,
        3.9911398887634277,
        3.785808563232422,
        3.8716790676116943,
        3.8909947872161865,
        3.699256658554077
      ],
      "final_loss": 3.699256658554077,
      "loss_delta": -0.4621732234954834,
      "parameter_count": 6992,
      "trainable_parameter_count": 6992,
      "config": {
        "vocab_size": 45,
        "num_layers": 1,
        "hidden_size": 16,
        "max_tokens": 64,
        "num_heads": 4,
        "ffn_multiplier": 4.5,
        "dropout": 0.0,
        "tie_embeddings": false
      },
      "eval_metrics": {
        "eval_loss": 3.760084788004557,
        "definition_use_loss": 3.77179749806722,
        "cross_block_use_loss": 3.9223201274871826,
        "definition_use_targets": 11.0,
        "cross_block_use_targets": 8.0
      }
    },
    {
      "variant": "ast_graph",
      "losses": [
        4.173368453979492,
        4.02329683303833,
        4.067483901977539,
        4.0520405769348145,
        3.9281156063079834,
        3.9818897247314453,
        3.9619791507720947,
        3.8391637802124023,
        3.8922247886657715,
        3.876476287841797,
        3.7517335414886475,
        3.800548553466797
      ],
      "final_loss": 3.800548553466797,
      "loss_delta": -0.3728199005126953,
      "parameter_count": 6960,
      "trainable_parameter_count": 6960,
      "config": {
        "vocab_size": 45,
        "num_layers": 1,
        "hidden_size": 16,
        "block_size": 8,
        "max_tokens": 64,
        "num_heads": 4,
        "num_graph_heads": 4,
        "num_experts": 1,
        "moe_top_k": 1,
        "ffn_multiplier": 1.5,
        "kv_compression": 0.5,
        "num_ast_types": 24,
        "ast_dim": 8,
        "ast_gate_scale": 0.1,
        "boundary_mix": 0.1,
        "boundary_width": 1,
        "cvd_prob": 0.0,
        "cvd_scope": "variable",
        "dropout": 0.0,
        "tie_embeddings": false,
        "use_ast_gate": true,
        "use_block_graph": true,
        "use_cvd": false,
        "use_moe": false,
        "use_boundary": true
      },
      "eval_metrics": {
        "eval_loss": 3.7498779296875,
        "definition_use_loss": 3.6669864654541016,
        "cross_block_use_loss": 3.7744346459706626,
        "definition_use_targets": 11.0,
        "cross_block_use_targets": 8.0
      }
    },
    {
      "variant": "variable_cvd",
      "losses": [
        3.9543721675872803,
        3.9521429538726807,
        4.047547817230225,
        3.8392727375030518,
        3.8573882579803467,
        3.96751070022583,
        3.755744695663452,
        3.768648862838745,
        3.8847262859344482,
        3.6767916679382324,
        3.6818110942840576,
        3.8007519245147705
      ],
      "final_loss": 3.8007519245147705,
      "loss_delta": -0.15362024307250977,
      "parameter_count": 6976,
      "trainable_parameter_count": 6976,
      "config": {
        "vocab_size": 45,
        "num_layers": 1,
        "hidden_size": 16,
        "block_size": 8,
        "max_tokens": 64,
        "num_heads": 4,
        "num_graph_heads": 4,
        "num_experts": 1,
        "moe_top_k": 1,
        "ffn_multiplier": 1.5,
        "kv_compression": 0.5,
        "num_ast_types": 24,
        "ast_dim": 8,
        "ast_gate_scale": 0.1,
        "boundary_mix": 0.1,
        "boundary_width": 1,
        "cvd_prob": 0.2,
        "cvd_scope": "variable",
        "dropout": 0.0,
        "tie_embeddings": false,
        "use_ast_gate": true,
        "use_block_graph": true,
        "use_cvd": true,
        "use_moe": false,
        "use_boundary": true
      },
      "eval_metrics": {
        "eval_loss": 3.662445545196533,
        "definition_use_loss": 3.5095632076263428,
        "cross_block_use_loss": 3.4674277305603027,
        "definition_use_targets": 11.0,
        "cross_block_use_targets": 8.0
      }
    },
    {
      "variant": "full_moe",
      "losses": [
        3.8404438495635986,
        3.91977858543396,
        3.8789846897125244,
        3.7225751876831055,
        3.8215880393981934,
        3.7964043617248535,
        3.636566638946533,
        3.7290897369384766,
        3.7096962928771973,
        3.5545716285705566,
        3.63657546043396,
        3.628782033920288
      ],
      "final_loss": 3.628782033920288,
      "loss_delta": -0.21166181564331055,
      "parameter_count": 8160,
      "trainable_parameter_count": 8160,
      "config": {
        "vocab_size": 45,
        "num_layers": 1,
        "hidden_size": 16,
        "block_size": 8,
        "max_tokens": 64,
        "num_heads": 4,
        "num_graph_heads": 4,
        "num_experts": 2,
        "moe_top_k": 1,
        "ffn_multiplier": 1.5,
        "kv_compression": 0.5,
        "num_ast_types": 24,
        "ast_dim": 8,
        "ast_gate_scale": 0.1,
        "boundary_mix": 0.1,
        "boundary_width": 1,
        "cvd_prob": 0.2,
        "cvd_scope": "variable",
        "dropout": 0.0,
        "tie_embeddings": false,
        "use_ast_gate": true,
        "use_block_graph": true,
        "use_cvd": true,
        "use_moe": true,
        "use_boundary": true
      },
      "eval_metrics": {
        "eval_loss": 3.5355175336201987,
        "definition_use_loss": 3.7010655403137207,
        "cross_block_use_loss": 3.7706056435902915,
        "definition_use_targets": 11.0,
        "cross_block_use_targets": 8.0
      }
    }
  ]
}