{
  "purpose": "tiny plumbing and falsification sanity check; not a benchmark",
  "seed": 7,
  "num_cases": 3,
  "vocab_size": 45,
  "num_ast_types": 24,
  "variants": [
    {
      "variant": "transformer_baseline",
      "losses": [
        3.876389503479004,
        4.118861675262451,
        3.809990167617798,
        3.762838125228882,
        4.02514123916626,
        3.742919921875,
        3.6815154552459717,
        3.938328266143799,
        3.673374891281128,
        3.6056556701660156,
        3.853084087371826,
        3.6033527851104736
      ],
      "final_loss": 3.6033527851104736,
      "loss_delta": -0.2730367183685303,
      "parameter_count": 4688,
      "trainable_parameter_count": 4688,
      "config": {
        "vocab_size": 45,
        "num_layers": 1,
        "hidden_size": 16,
        "max_tokens": 64,
        "num_heads": 4,
        "ffn_multiplier": 1.5,
        "dropout": 0.0,
        "tie_embeddings": false
      },
      "eval_metrics": {
        "eval_loss": 3.6341682275136313,
        "definition_use_loss": 3.662970781326294,
        "cross_block_use_loss": 3.680933157602946,
        "definition_use_targets": 11.0,
        "cross_block_use_targets": 8.0
      }
    },
    {
      "variant": "transformer_matched",
      "losses": [
        4.059558391571045,
        3.849429130554199,
        3.902280330657959,
        3.924999237060547,
        3.742767095565796,
        3.828869342803955,
        3.827040433883667,
        3.644392967224121,
        3.7525434494018555,
        3.733600378036499,
        3.5481297969818115,
        3.675102949142456
      ],
      "final_loss": 3.675102949142456,
      "loss_delta": -0.38445544242858887,
      "parameter_count": 6992,
      "trainable_parameter_count": 6992,
      "config": {
        "vocab_size": 45,
        "num_layers": 1,
        "hidden_size": 16,
        "max_tokens": 64,
        "num_heads": 4,
        "ffn_multiplier": 4.5,
        "dropout": 0.0,
        "tie_embeddings": false
      },
      "eval_metrics": {
        "eval_loss": 3.5889317989349365,
        "definition_use_loss": 3.9100902875264487,
        "cross_block_use_loss": 3.746891657511393,
        "definition_use_targets": 11.0,
        "cross_block_use_targets": 8.0
      }
    },
    {
      "variant": "token_baseline",
      "losses": [
        4.140538692474365,
        3.923464775085449,
        3.9873313903808594,
        4.023687839508057,
        3.8324599266052246,
        3.917849063873291,
        3.938594102859497,
        3.748770236968994,
        3.8456428050994873,
        3.859342098236084,
        3.667365550994873,
        3.7727115154266357
      ],
      "final_loss": 3.7727115154266357,
      "loss_delta": -0.3678271770477295,
      "parameter_count": 4576,
      "trainable_parameter_count": 4576,
      "config": {
        "vocab_size": 45,
        "num_layers": 1,
        "hidden_size": 16,
        "block_size": 8,
        "max_tokens": 64,
        "num_heads": 4,
        "num_graph_heads": 4,
        "num_experts": 1,
        "moe_top_k": 1,
        "ffn_multiplier": 1.5,
        "kv_compression": 0.5,
        "num_ast_types": 24,
        "ast_dim": 8,
        "ast_gate_scale": 0.1,
        "boundary_mix": 0.1,
        "boundary_width": 1,
        "cvd_prob": 0.0,
        "cvd_scope": "variable",
        "dropout": 0.0,
        "tie_embeddings": false,
        "use_ast_gate": false,
        "use_block_graph": false,
        "use_cvd": false,
        "use_moe": false,
        "use_boundary": false
      },
      "eval_metrics": {
        "eval_loss": 3.7131099700927734,
        "definition_use_loss": 3.7730023860931396,
        "cross_block_use_loss": 3.9151583512624106,
        "definition_use_targets": 11.0,
        "cross_block_use_targets": 8.0
      }
    },
    {
      "variant": "boundary_only",
      "losses": [
        4.00919246673584,
        3.9360461235046387,
        4.006240367889404,
        3.8942062854766846,
        3.8436245918273926,
        3.937894344329834,
        3.8124544620513916,
        3.7577266693115234,
        3.866652250289917,
        3.737170696258545,
        3.6734907627105713,
        3.7944087982177734
      ],
      "final_loss": 3.7944087982177734,
      "loss_delta": -0.2147836685180664,
      "parameter_count": 4832,
      "trainable_parameter_count": 4832,
      "config": {
        "vocab_size": 45,
        "num_layers": 1,
        "hidden_size": 16,
        "block_size": 8,
        "max_tokens": 64,
        "num_heads": 4,
        "num_graph_heads": 4,
        "num_experts": 1,
        "moe_top_k": 1,
        "ffn_multiplier": 1.5,
        "kv_compression": 0.5,
        "num_ast_types": 24,
        "ast_dim": 8,
        "ast_gate_scale": 0.1,
        "boundary_mix": 0.1,
        "boundary_width": 1,
        "cvd_prob": 0.0,
        "cvd_scope": "variable",
        "dropout": 0.0,
        "tie_embeddings": false,
        "use_ast_gate": false,
        "use_block_graph": false,
        "use_cvd": false,
        "use_moe": false,
        "use_boundary": true
      },
      "eval_metrics": {
        "eval_loss": 3.682332436243693,
        "definition_use_loss": 3.844447294871012,
        "cross_block_use_loss": 3.9948604106903076,
        "definition_use_targets": 11.0,
        "cross_block_use_targets": 8.0
      }
    },
    {
      "variant": "ast_only",
      "losses": [
        4.0964179039001465,
        3.881545305252075,
        3.9405665397644043,
        3.9827802181243896,
        3.790884017944336,
        3.867816209793091,
        3.901277542114258,
        3.7077059745788574,
        3.79347825050354,
        3.825268030166626,
        3.627016305923462,
        3.719421863555908
      ],
      "final_loss": 3.719421863555908,
      "loss_delta": -0.3769960403442383,
      "parameter_count": 4896,
      "trainable_parameter_count": 4896,
      "config": {
        "vocab_size": 45,
        "num_layers": 1,
        "hidden_size": 16,
        "block_size": 8,
        "max_tokens": 64,
        "num_heads": 4,
        "num_graph_heads": 4,
        "num_experts": 1,
        "moe_top_k": 1,
        "ffn_multiplier": 1.5,
        "kv_compression": 0.5,
        "num_ast_types": 24,
        "ast_dim": 8,
        "ast_gate_scale": 0.1,
        "boundary_mix": 0.1,
        "boundary_width": 1,
        "cvd_prob": 0.0,
        "cvd_scope": "variable",
        "dropout": 0.0,
        "tie_embeddings": false,
        "use_ast_gate": true,
        "use_block_graph": false,
        "use_cvd": false,
        "use_moe": false,
        "use_boundary": false
      },
      "eval_metrics": {
        "eval_loss": 3.6714816888173423,
        "definition_use_loss": 3.728619654973348,
        "cross_block_use_loss": 3.803393761316935,
        "definition_use_targets": 11.0,
        "cross_block_use_targets": 8.0
      }
    },
    {
      "variant": "graph_only",
      "losses": [
        4.034191131591797,
        3.9257473945617676,
        3.9536452293395996,
        3.915327548980713,
        3.833566427230835,
        3.8842639923095703,
        3.831876277923584,
        3.747201919555664,
        3.811248540878296,
        3.7542638778686523,
        3.6619410514831543,
        3.736685037612915
      ],
      "final_loss": 3.736685037612915,
      "loss_delta": -0.29750609397888184,
      "parameter_count": 6384,
      "trainable_parameter_count": 6384,
      "config": {
        "vocab_size": 45,
        "num_layers": 1,
        "hidden_size": 16,
        "block_size": 8,
        "max_tokens": 64,
        "num_heads": 4,
        "num_graph_heads": 4,
        "num_experts": 1,
        "moe_top_k": 1,
        "ffn_multiplier": 1.5,
        "kv_compression": 0.5,
        "num_ast_types": 24,
        "ast_dim": 8,
        "ast_gate_scale": 0.1,
        "boundary_mix": 0.1,
        "boundary_width": 1,
        "cvd_prob": 0.0,
        "cvd_scope": "variable",
        "dropout": 0.0,
        "tie_embeddings": false,